{"cameraMode":{"drawMode":0,"name":"Shaded","section":"Shading Mode"},"sceneLighting":false,"audioPlay":false,"sceneViewState":{"showFog":true,"showMaterialUpdate":false,"showSkybox":false,"showFlares":true,"showImageEffects":true,"showParticleSystems":true},"in2DMode":false,"pivot":{"x":1.89306640625,"y":3.93341064453125,"z":-17.033935546875},"rotation":{"x":0.03523591160774231,"y":-0.9585447907447815,"z":0.24771800637245179,"w":0.13634784519672395},"size":1.0342897176742554,"orthographic":true}