{"cameraMode":{"drawMode":0,"name":"Shaded","section":"Shading Mode"},"sceneLighting":false,"audioPlay":false,"sceneViewState":{"showFog":true,"showMaterialUpdate":false,"showSkybox":false,"showFlares":true,"showImageEffects":true,"showParticleSystems":true},"in2DMode":false,"pivot":{"x":-2.1748785972595217,"y":0.05652737617492676,"z":-7.87579870223999},"rotation":{"x":-0.33238857984542849,"y":0.09933871030807495,"z":-0.035230305045843127,"w":-0.9372345209121704},"size":0.9651216864585877,"orthographic":false}