{"cameraMode":{"drawMode":0,"name":"Shaded","section":"Shading Mode"},"sceneLighting":false,"audioPlay":false,"sceneViewState":{"showFog":true,"showMaterialUpdate":false,"showSkybox":false,"showFlares":true,"showImageEffects":true,"showParticleSystems":true},"in2DMode":false,"pivot":{"x":2.063443183898926,"y":4.010469436645508,"z":-16.767322540283204},"rotation":{"x":0.019914384931325914,"y":-0.9796624779701233,"z":0.1549808531999588,"w":0.12588348984718324},"size":0.35130003094673159,"orthographic":true}