{"cameraMode":{"drawMode":0,"name":"Shaded","section":"Shading Mode"},"sceneLighting":true,"audioPlay":false,"sceneViewState":{"showFog":true,"showMaterialUpdate":false,"showSkybox":true,"showFlares":true,"showImageEffects":true,"showParticleSystems":true},"in2DMode":false,"pivot":{"x":0.2959136962890625,"y":3.4038479328155519,"z":-8.200159072875977},"rotation":{"x":-0.24067562818527223,"y":0.18698863685131074,"z":-0.0473099984228611,"w":-0.9512490034103394},"size":2.6856720447540285,"orthographic":false}