{"cameraMode":{"drawMode":0,"name":"Shaded","section":"Shading Mode"},"sceneLighting":false,"audioPlay":false,"sceneViewState":{"showFog":true,"showMaterialUpdate":false,"showSkybox":false,"showFlares":true,"showImageEffects":true,"showParticleSystems":true},"in2DMode":false,"pivot":{"x":544.067138671875,"y":524.8960571289063,"z":-23.67241668701172},"rotation":{"x":0.19213983416557313,"y":0.2457997053861618,"z":-0.049777355045080188,"w":0.9487823843955994},"size":61.031646728515628,"orthographic":false}