{"cameraMode":{"drawMode":0,"name":"Shaded","section":"Shading Mode"},"sceneLighting":true,"audioPlay":false,"sceneViewState":{"showFog":true,"showMaterialUpdate":false,"showSkybox":true,"showFlares":true,"showImageEffects":true,"showParticleSystems":true},"in2DMode":false,"pivot":{"x":-8.813201904296875,"y":-8.287665367126465,"z":-18.727331161499025},"rotation":{"x":-0.24520571529865266,"y":0.7323247194290161,"z":-0.33126991987228396,"w":-0.5420664548873901},"size":9.67724323272705,"orthographic":false}