{"cameraMode":{"drawMode":0,"name":"Shaded","section":"Shading Mode"},"sceneLighting":false,"audioPlay":false,"sceneViewState":{"showFog":true,"showMaterialUpdate":false,"showSkybox":false,"showFlares":true,"showImageEffects":true,"showParticleSystems":true},"in2DMode":false,"pivot":{"x":1.92572021484375,"y":4.0294189453125,"z":-16.656494140625},"rotation":{"x":0.015747375786304475,"y":-0.9474616050720215,"z":0.3159750699996948,"w":0.047219227999448779},"size":0.7160119414329529,"orthographic":true}