{"cameraMode":{"drawMode":0,"name":"Shaded","section":"Shading Mode"},"sceneLighting":false,"audioPlay":false,"sceneViewState":{"showFog":true,"showMaterialUpdate":false,"showSkybox":false,"showFlares":true,"showImageEffects":true,"showParticleSystems":true},"in2DMode":false,"pivot":{"x":1.7588599920272828,"y":3.5782651901245119,"z":-17.766054153442384},"rotation":{"x":-0.028943771496415139,"y":0.9700162410736084,"z":-0.1918998807668686,"w":-0.14630527794361115},"size":0.9513000845909119,"orthographic":false}