{"cameraMode":{"drawMode":0,"name":"Shaded","section":"Shading Mode"},"sceneLighting":false,"audioPlay":false,"sceneViewState":{"showFog":true,"showMaterialUpdate":false,"showSkybox":false,"showFlares":true,"showImageEffects":true,"showParticleSystems":true},"in2DMode":false,"pivot":{"x":2.048884868621826,"y":2.330519676208496,"z":1.7749532461166382},"rotation":{"x":0.030150726437568666,"y":-0.4715835154056549,"z":-0.8811591863632202,"w":-0.01613634265959263},"size":3.3073947429656984,"orthographic":false}