{"cameraMode":{"drawMode":0,"name":"Shaded","section":"Shading Mode"},"sceneLighting":false,"audioPlay":false,"sceneViewState":{"showFog":true,"showMaterialUpdate":false,"showSkybox":false,"showFlares":true,"showImageEffects":true,"showParticleSystems":true},"in2DMode":false,"pivot":{"x":-2.5206873416900636,"y":-0.1700608730316162,"z":-7.66067361831665},"rotation":{"x":0.013641813769936562,"y":0.9319106340408325,"z":-0.3607138991355896,"w":0.03524377569556236},"size":2.165121555328369,"orthographic":false}